volt,freq
12,1.0000035
11,1.0000038
10,1.000004
9,1.0000041
8,1.0000044