volt,freq
12,0.998848
11,0.999763
10,1.000435
9,1.000935
8,1.00154